Division,Conference,Season,Top_N,Event,Gender,#,Athlete,Year,Team,Mark,Conv,Meet,Meet Date,Wind
NCAA Div. III,SCIAC,SCIAC Outdoor Performance List (2025),Top 20,Long Jump,Women,1,"Adams, Maigan",SR-4,Redlands,5.64m,"18' 6""",SCIAC T&F Championships,4/26/25,0
NCAA Div. III,SCIAC,SCIAC Outdoor Performance List (2025),Top 20,Long Jump,Women,2,"Eichinger, Elisabeth",JR-3,Redlands,5.57m,"18' 3.25""",Redlands Final Qualifier,5/14/25,1.7
NCAA Div. III,SCIAC,SCIAC Outdoor Performance List (2025),Top 20,Long Jump,Women,3,"Bowers, Ella",JR-3,Pomona-Pitzer,5.55m,"18' 2.5""",SCIAC Sun Meet - Quad Cup #2,3/29/25,2.1
NCAA Div. III,SCIAC,SCIAC Outdoor Performance List (2025),Top 20,Long Jump,Women,4,"Bachmeier, Eleanor",SR-4,Redlands,5.53m,"18' 1.75""",Redlands Final Qualifier (Club/Individual),5/14/25,1.1
NCAA Div. III,SCIAC,SCIAC Outdoor Performance List (2025),Top 20,Long Jump,Women,5,"Gray, Lindsey",JR-3,Chapman,5.44m,"17' 10.25""",SCIAC Sun Meet - Quad Cup #2,3/29/25,1.9
NCAA Div. III,SCIAC,SCIAC Outdoor Performance List (2025),Top 20,Long Jump,Women,6,"Ortega, Gennessy",FR-1,La Verne,5.38m,"17' 8""",ULV Leopard Invitational,4/17/25,1
NCAA Div. III,SCIAC,SCIAC Outdoor Performance List (2025),Top 20,Long Jump,Women,7,"Seifert, Madeline",JR-3,Claremont-Mudd-Scripps,5.37m,"17' 7.5""",SCIAC T&F Championships,4/26/25,0
NCAA Div. III,SCIAC,SCIAC Outdoor Performance List (2025),Top 20,Long Jump,Women,8,"Akinde, Felicia",SO-2,Pomona-Pitzer,5.27m,"17' 3.5""",2025 Pomona-Pitzer T&F Invite,4/12/25,0.9
NCAA Div. III,SCIAC,SCIAC Outdoor Performance List (2025),Top 20,Long Jump,Women,9,"Wiley, Christen",SR-4,Redlands,5.24m,"17' 2.25""",SCIAC T&F Championships,4/26/25,1.6
NCAA Div. III,SCIAC,SCIAC Outdoor Performance List (2025),Top 20,Long Jump,Women,10,"Chi, Ellie",FR-1,Pomona-Pitzer,5.13m,"16' 10""",2025 Pomona-Pitzer T&F Invite,4/12/25,0
NCAA Div. III,SCIAC,SCIAC Outdoor Performance List (2025),Top 20,Long Jump,Women,11,"Jones, Niani",SO-2,Cal Lutheran,5.11m,"16' 9.25""",2025 Pomona-Pitzer T&F Invite,4/12/25,1.6
NCAA Div. III,SCIAC,SCIAC Outdoor Performance List (2025),Top 20,Long Jump,Women,11,"Heron, Shaylee",SO-2,Redlands,5.11m,"16' 9.25""",SCIAC Sun Meet - Quad Cup #2,3/29/25,1.3
NCAA Div. III,SCIAC,SCIAC Outdoor Performance List (2025),Top 20,Long Jump,Women,13,"Weitz, Amelia",SO-2,Occidental,5.09m,"16' 8.5""",APU Franson Last Chance,5/8/25,2.4
NCAA Div. III,SCIAC,SCIAC Outdoor Performance List (2025),Top 20,Long Jump,Women,14,"Raffiani, Elise",FR-1,Chapman,5.04m,"16' 6.5""",SCIAC Sun Meet - Quad Cup #2,3/29/25,0
NCAA Div. III,SCIAC,SCIAC Outdoor Performance List (2025),Top 20,Long Jump,Women,15,"Van Dyke, Elsa",FR-1,Pomona-Pitzer,4.95m,"16' 3""",28th Rossi Relays,2/22/25,-1.4
NCAA Div. III,SCIAC,SCIAC Outdoor Performance List (2025),Top 20,Long Jump,Women,16,"O'Leary, Regina",FR-1,Chapman,4.91m,"16' 1.5""",2025 RCC Open,3/14/25,0.2
NCAA Div. III,SCIAC,SCIAC Outdoor Performance List (2025),Top 20,Long Jump,Women,17,"Rogers, Georgia",SO-2,Claremont-Mudd-Scripps,4.87m,"15' 11.75""",SCIAC Sun Meet - Quad Cup #2,3/29/25,2.9
NCAA Div. III,SCIAC,SCIAC Outdoor Performance List (2025),Top 20,Long Jump,Women,17,"Cooper, Lilly",JR-3,Chapman,4.87m,"15' 11.75""",SCIAC Sun Meet - Quad Cup #2,3/29/25,2.8
NCAA Div. III,SCIAC,SCIAC Outdoor Performance List (2025),Top 20,Long Jump,Women,19,"Lorett, Abbi",FR-1,Occidental,4.85m,"15' 11""",28th Rossi Relays,2/22/25,0
NCAA Div. III,SCIAC,SCIAC Outdoor Performance List (2025),Top 20,Long Jump,Women,20,"Prajitno, Jasmine",FR-1,La Verne,4.79m,"15' 8.75""",PLNU Ross and Sharon Irwin Invite,3/14/25,1.7
NCAA Div. III,SCIAC,SCIAC Outdoor Performance List (2024),Top 20,Long Jump,Women,1,"Adams, Maigan",JR-3,Redlands,5.62m,"18' 5.25""",2024 SCIAC T&F Championships,4/27/24,-1.3
NCAA Div. III,SCIAC,SCIAC Outdoor Performance List (2024),Top 20,Long Jump,Women,2,"Bachmeier, Eleanor",SR-4,Redlands,5.50m,"18' 0.5""",2024 SCIAC T&F Championships,4/27/24,-1.2
NCAA Div. III,SCIAC,SCIAC Outdoor Performance List (2024),Top 20,Long Jump,Women,3,"Akinde, Felicia",FR-1,Pomona-Pitzer,5.49m,"18' 0.25""",2024 SCIAC T&F Championships,4/27/24,-2.4
NCAA Div. III,SCIAC,SCIAC Outdoor Performance List (2024),Top 20,Long Jump,Women,4,"Jones, Niani",FR-1,Cal Lutheran,5.48m,"17' 11.75""",2024 SCIAC T&F Championships,4/27/24,-0.5
NCAA Div. III,SCIAC,SCIAC Outdoor Performance List (2024),Top 20,Long Jump,Women,5,"Wiley, Christen",JR-3,Redlands,5.41m,"17' 9""",2024 Franson Last Chance,5/9/24,2.4
NCAA Div. III,SCIAC,SCIAC Outdoor Performance List (2024),Top 20,Long Jump,Women,6,"Dolida, Emily",JR-3,Occidental,5.29m,"17' 4.25""",2024 Franson Last Chance,5/9/24,1.5
NCAA Div. III,SCIAC,SCIAC Outdoor Performance List (2024),Top 20,Long Jump,Women,7,"Eichinger, Elisabeth",SO-2,Redlands,5.23m,"17' 2""",2024 SCIAC T&F Championships,4/27/24,-1.3
NCAA Div. III,SCIAC,SCIAC Outdoor Performance List (2024),Top 20,Long Jump,Women,8,"Gray, Lindsey",SO-2,Chapman,5.22m,"17' 1.5""",2024 SCIAC T&F Championships,4/27/24,-0.8
NCAA Div. III,SCIAC,SCIAC Outdoor Performance List (2024),Top 20,Long Jump,Women,9,"Washington, Passion",FR-1,Chapman,5.13m,"16' 10""",2024 SCIAC T&F Championships,4/27/24,0
NCAA Div. III,SCIAC,SCIAC Outdoor Performance List (2024),Top 20,Long Jump,Women,9,"Meredith, Briana",FR-1,Chapman,5.13m,"16' 10""",2024 SCIAC T&F Championships,4/27/24,-0.8
NCAA Div. III,SCIAC,SCIAC Outdoor Performance List (2024),Top 20,Long Jump,Women,11,"Weitz, Amelia",FR-1,Occidental,5.07m,"16' 7.75""",2024 SCIAC T&F Championships,4/27/24,-2
NCAA Div. III,SCIAC,SCIAC Outdoor Performance List (2024),Top 20,Long Jump,Women,12,"Rogers, Georgia",FR-1,Claremont-Mudd-Scripps,4.98m,"16' 4.25""",2024 SCIAC T&F Championships,4/27/24,-0.5
NCAA Div. III,SCIAC,SCIAC Outdoor Performance List (2024),Top 20,Long Jump,Women,13,"Cooper, Lilly",SO-2,Chapman,4.94m,"16' 2.5""",2024 SCIAC T&F Championships,4/27/24,-0.6
NCAA Div. III,SCIAC,SCIAC Outdoor Performance List (2024),Top 20,Long Jump,Women,14,"Bowers, Ella",SO-2,Pomona-Pitzer,4.91m,"16' 1.5""",Redlands Invitational,3/15/24,2.3
NCAA Div. III,SCIAC,SCIAC Outdoor Performance List (2024),Top 20,Long Jump,Women,15,"James, Gift",SO-2,Redlands,4.81m,"15' 9.5""",2024 Redlands Final Qualifier,5/15/24,2
NCAA Div. III,SCIAC,SCIAC Outdoor Performance List (2024),Top 20,Long Jump,Women,16,"Thompson, Ella",FR-1,Cal Lutheran,4.68m,"15' 4.25""","2024 SCIAC Multi Dual 1 (CLU, ULV, CMS, Oxy)",3/2/24,0.5
NCAA Div. III,SCIAC,SCIAC Outdoor Performance List (2024),Top 20,Long Jump,Women,17,"Greer, Nyli",FR-1,Chapman,4.67m,"15' 4""",SCIAC Multi Dual #3 (WC UR CU OC CMS,4/13/24,-2.4
NCAA Div. III,SCIAC,SCIAC Outdoor Performance List (2024),Top 20,Long Jump,Women,18,"Heron, Shaylee",FR-1,Redlands,4.66m,"15' 3.5""",SCIAC Multi Dual #3 (WC UR CU OC CMS,4/13/24,0
NCAA Div. III,SCIAC,SCIAC Outdoor Performance List (2024),Top 20,Long Jump,Women,19,"Johnson, Jazzlyn",SR-4,La Verne,4.65m,"15' 3.25""",2024 SCIAC T&F Championships,4/27/24,-1.8
NCAA Div. III,SCIAC,SCIAC Outdoor Performance List (2024),Top 20,Long Jump,Women,20,"Zurasky, Zoe",JR-3,Chapman,4.55m,"14' 11.25""",2024 Pomona-Pitzer T&F Invite,4/6/24,0
NCAA Div. III,NESCAC,SCIAC Outdoor Performance List (2025),Top 20,Long Jump,Women,1,"Kirkland, Kennedy",JR-3,Bowdoin,5.91m,"19' 4.75""",NESCAC Championship,4/25/26,0.5
NCAA Div. III,NESCAC,SCIAC Outdoor Performance List (2025),Top 20,Long Jump,Women,2,"Hughes, Heloise",JR-3,Amherst,5.81m,"19' 0.75""",NESCAC Championship,4/25/26,1.6
NCAA Div. III,NESCAC,SCIAC Outdoor Performance List (2025),Top 20,Long Jump,Women,3,"Ayres, Eliza",FR-1,Williams,5.80m,"19' 0.5""",Bobbi Palma UAlbany Spring Classic,4/17/26,0.6
NCAA Div. III,NESCAC,SCIAC Outdoor Performance List (2025),Top 20,Long Jump,Women,4,"Cumberland, Elysse",SO-2,Tufts,5.77m,"18' 11.25""",Tufts Spring Stampede,4/10/26,-0.2
NCAA Div. III,NESCAC,SCIAC Outdoor Performance List (2025),Top 20,Long Jump,Women,5,"Zipoli, Lauren",SO-2,Tufts,5.67m,"18' 7.25""",NESCAC Championship,4/25/26,0.8
NCAA Div. III,NESCAC,SCIAC Outdoor Performance List (2025),Top 20,Long Jump,Women,6,"Kieh, Blessing",SO-2,Connecticut College,5.58m,"18' 3.75""",Trinity Invitational,4/18/26,0
NCAA Div. III,NESCAC,SCIAC Outdoor Performance List (2025),Top 20,Long Jump,Women,7,"Kramarchuk, Anna",FR-1,Amherst,5.57m,"18' 3.25""",NESCAC Championship,4/25/26,0.9
NCAA Div. III,NESCAC,SCIAC Outdoor Performance List (2025),Top 20,Long Jump,Women,8,"Rubio, Emily",SR-4,Middlebury,5.56m,"18' 3""",Amherst Spring Fling,4/4/26,0
NCAA Div. III,NESCAC,SCIAC Outdoor Performance List (2025),Top 20,Long Jump,Women,9,"Campbell, Alayah",FR-1,Amherst,5.53m,"18' 1.75""",NESCAC Championship,4/25/26,0.3
NCAA Div. III,NESCAC,SCIAC Outdoor Performance List (2025),Top 20,Long Jump,Women,10,"Tarby, Kelsey",JR-3,Williams,5.51m,"18' 1""",Emory Thrills in the Hills 2026,3/26/26,0.3
NCAA Div. III,NESCAC,SCIAC Outdoor Performance List (2025),Top 20,Long Jump,Women,10,"Stoetzel, Emmeline",SO-2,Hamilton,5.51m,"18' 1""",NESCAC Championship,4/25/26,1.6
NCAA Div. III,NESCAC,SCIAC Outdoor Performance List (2025),Top 20,Long Jump,Women,12,"Johnson, Campbell",SO-2,Bates,5.50m,"18' 0.5""",Maine States' Pine Tree Classic,4/17/26,4.9
NCAA Div. III,NESCAC,SCIAC Outdoor Performance List (2025),Top 20,Long Jump,Women,13,"Young, Sophia",JR-3,Bowdoin,5.49m,"18' 0.25""",Maine States' Pine Tree Classic,4/17/26,2.8
NCAA Div. III,NESCAC,SCIAC Outdoor Performance List (2025),Top 20,Long Jump,Women,14,"Hopkins, Josie",FR-1,Colby,5.45m,"17' 10.75""",Maine States' Pine Tree Classic,4/17/26,2.8
NCAA Div. III,NESCAC,SCIAC Outdoor Performance List (2025),Top 20,Long Jump,Women,14,"King, Mireya",SO-2,Williams,5.45m,"17' 10.75""",NESCAC Championship,4/25/26,1.5
NCAA Div. III,NESCAC,SCIAC Outdoor Performance List (2025),Top 20,Long Jump,Women,16,"Yang, Anna",SO-2,Bowdoin,5.37m,"17' 7.5""",Maine States' Pine Tree Classic,4/17/26,3.8
NCAA Div. III,NESCAC,SCIAC Outdoor Performance List (2025),Top 20,Long Jump,Women,17,"Stanton, Cameron",SO-2,Tufts,5.35m,"17' 6.75""",NESCAC Championship,4/25/26,0.8
NCAA Div. III,NESCAC,SCIAC Outdoor Performance List (2025),Top 20,Long Jump,Women,17,"Lawrence, Olive",SR-4,Middlebury,5.35m,"17' 6.75""",NESCAC Championship,4/25/26,1.6
NCAA Div. III,NESCAC,SCIAC Outdoor Performance List (2025),Top 20,Long Jump,Women,17,"Lewis, Eleanor",FR-1,Tufts,5.35m,"17' 6.75""",NESCAC Championship,4/25/26,1.5
NCAA Div. III,NESCAC,SCIAC Outdoor Performance List (2025),Top 20,Long Jump,Women,20,"Smith, Leah",JR-3,Amherst,5.34m,"17' 6.25""",NESCAC Championship,4/25/26,1.3
NCAA Div. III,NESCAC,SCIAC Outdoor Performance List (2024),Top 20,Long Jump,Women,1,"Kirkland, Kennedy",JR-3,Bowdoin,5.91m,"19' 4.75""",NESCAC Championship,4/25/26,0.5
NCAA Div. III,NESCAC,SCIAC Outdoor Performance List (2024),Top 20,Long Jump,Women,2,"Hughes, Heloise",JR-3,Amherst,5.81m,"19' 0.75""",NESCAC Championship,4/25/26,1.6
NCAA Div. III,NESCAC,SCIAC Outdoor Performance List (2024),Top 20,Long Jump,Women,3,"Ayres, Eliza",FR-1,Williams,5.80m,"19' 0.5""",Bobbi Palma UAlbany Spring Classic,4/17/26,0.6
NCAA Div. III,NESCAC,SCIAC Outdoor Performance List (2024),Top 20,Long Jump,Women,4,"Cumberland, Elysse",SO-2,Tufts,5.77m,"18' 11.25""",Tufts Spring Stampede,4/10/26,-0.2
NCAA Div. III,NESCAC,SCIAC Outdoor Performance List (2024),Top 20,Long Jump,Women,5,"Zipoli, Lauren",SO-2,Tufts,5.67m,"18' 7.25""",NESCAC Championship,4/25/26,0.8
NCAA Div. III,NESCAC,SCIAC Outdoor Performance List (2024),Top 20,Long Jump,Women,6,"Kieh, Blessing",SO-2,Connecticut College,5.58m,"18' 3.75""",Trinity Invitational,4/18/26,0
NCAA Div. III,NESCAC,SCIAC Outdoor Performance List (2024),Top 20,Long Jump,Women,7,"Kramarchuk, Anna",FR-1,Amherst,5.57m,"18' 3.25""",NESCAC Championship,4/25/26,0.9
NCAA Div. III,NESCAC,SCIAC Outdoor Performance List (2024),Top 20,Long Jump,Women,8,"Rubio, Emily",SR-4,Middlebury,5.56m,"18' 3""",Amherst Spring Fling,4/4/26,0
NCAA Div. III,NESCAC,SCIAC Outdoor Performance List (2024),Top 20,Long Jump,Women,9,"Campbell, Alayah",FR-1,Amherst,5.53m,"18' 1.75""",NESCAC Championship,4/25/26,0.3
NCAA Div. III,NESCAC,SCIAC Outdoor Performance List (2024),Top 20,Long Jump,Women,10,"Tarby, Kelsey",JR-3,Williams,5.51m,"18' 1""",Emory Thrills in the Hills 2026,3/26/26,0.3
NCAA Div. III,NESCAC,SCIAC Outdoor Performance List (2024),Top 20,Long Jump,Women,10,"Stoetzel, Emmeline",SO-2,Hamilton,5.51m,"18' 1""",NESCAC Championship,4/25/26,1.6
NCAA Div. III,NESCAC,SCIAC Outdoor Performance List (2024),Top 20,Long Jump,Women,12,"Johnson, Campbell",SO-2,Bates,5.50m,"18' 0.5""",Maine States' Pine Tree Classic,4/17/26,4.9
NCAA Div. III,NESCAC,SCIAC Outdoor Performance List (2024),Top 20,Long Jump,Women,13,"Young, Sophia",JR-3,Bowdoin,5.49m,"18' 0.25""",Maine States' Pine Tree Classic,4/17/26,2.8
NCAA Div. III,NESCAC,SCIAC Outdoor Performance List (2024),Top 20,Long Jump,Women,14,"Hopkins, Josie",FR-1,Colby,5.45m,"17' 10.75""",Maine States' Pine Tree Classic,4/17/26,2.8
NCAA Div. III,NESCAC,SCIAC Outdoor Performance List (2024),Top 20,Long Jump,Women,14,"King, Mireya",SO-2,Williams,5.45m,"17' 10.75""",NESCAC Championship,4/25/26,1.5
NCAA Div. III,NESCAC,SCIAC Outdoor Performance List (2024),Top 20,Long Jump,Women,16,"Yang, Anna",SO-2,Bowdoin,5.37m,"17' 7.5""",Maine States' Pine Tree Classic,4/17/26,3.8
NCAA Div. III,NESCAC,SCIAC Outdoor Performance List (2024),Top 20,Long Jump,Women,17,"Stanton, Cameron",SO-2,Tufts,5.35m,"17' 6.75""",NESCAC Championship,4/25/26,0.8
NCAA Div. III,NESCAC,SCIAC Outdoor Performance List (2024),Top 20,Long Jump,Women,17,"Lawrence, Olive",SR-4,Middlebury,5.35m,"17' 6.75""",NESCAC Championship,4/25/26,1.6
NCAA Div. III,NESCAC,SCIAC Outdoor Performance List (2024),Top 20,Long Jump,Women,17,"Lewis, Eleanor",FR-1,Tufts,5.35m,"17' 6.75""",NESCAC Championship,4/25/26,1.5
NCAA Div. III,NESCAC,SCIAC Outdoor Performance List (2024),Top 20,Long Jump,Women,20,"Smith, Leah",JR-3,Amherst,5.34m,"17' 6.25""",NESCAC Championship,4/25/26,1.3
NCAA Div. III,North Atlantic Conference,SCIAC Outdoor Performance List (2025),Top 20,Long Jump,Women,1,"Burr, Emma",JR-3,Thomas College,5.86m,"19' 2.75""",Maine States' Pine Tree Classic,4/17/26,2.2
NCAA Div. III,North Atlantic Conference,SCIAC Outdoor Performance List (2025),Top 20,Long Jump,Women,2,"Anderson, Kara",SO-2,Thomas College,5.25m,"17' 2.75""",Maine States' Pine Tree Classic,4/17/26,1.4
NCAA Div. III,North Atlantic Conference,SCIAC Outdoor Performance List (2025),Top 20,Long Jump,Women,3,"Monreal, Natasha",SO-2,Husson,5.14m,"16' 10.5""",University of Maine Spring Opener,4/4/26,0
NCAA Div. III,North Atlantic Conference,SCIAC Outdoor Performance List (2025),Top 20,Long Jump,Women,4,"Perry, Niamiah",SR-4,Husson,5.12m,"16' 9.75""",Maine States' Pine Tree Classic,4/17/26,2.1
NCAA Div. III,North Atlantic Conference,SCIAC Outdoor Performance List (2025),Top 20,Long Jump,Women,5,"Yahya, Naba",FR-1,Thomas College,5.04m,"16' 6.5""",Monks Track & Field Invite 2026,4/11/26,0.5
NCAA Div. III,North Atlantic Conference,SCIAC Outdoor Performance List (2025),Top 20,Long Jump,Women,6,"Madden, Mya",FR-1,Husson,4.83m,"15' 10.25""",University of Maine Spring Opener,4/4/26,1.4
NCAA Div. III,North Atlantic Conference,SCIAC Outdoor Performance List (2025),Top 20,Long Jump,Women,7,"Pierce, Sadie",FR-1,Maine-Farmington,4.78m,"15' 8.25""",Springfield College Outdoor Classic,4/4/26,2.2
NCAA Div. III,North Atlantic Conference,SCIAC Outdoor Performance List (2025),Top 20,Long Jump,Women,8,"Williams, JaLynn",FR-1,Husson,4.76m,"15' 7.5""",Yellow Jacket Open,3/28/26,-0.4
NCAA Div. III,North Atlantic Conference,SCIAC Outdoor Performance List (2025),Top 20,Long Jump,Women,9,"Alexander, Heather",FR-1,Maine-Farmington,4.65m,"15' 3.25""",SILFEN INVITATIONAL 2026,4/10/26,1.3
NCAA Div. III,North Atlantic Conference,SCIAC Outdoor Performance List (2025),Top 20,Long Jump,Women,10,"Syphers, Emma",SO-2,Maine-Farmington,4.64m,"15' 2.75""",Alan Connie Shamrock Invitational (Roster Registration),3/19/26,-0.9
NCAA Div. III,North Atlantic Conference,SCIAC Outdoor Performance List (2025),Top 20,Long Jump,Women,11,"Andrews, Brianna",SO-2,Husson,4.49m,"14' 8.75""",Embry-Riddle Eagle Invite,3/7/26,-1.7
NCAA Div. III,North Atlantic Conference,SCIAC Outdoor Performance List (2025),Top 20,Long Jump,Women,12,"Campbell, Solece",FR-1,Thomas College,4.31m,"14' 1.75""",Maine States' Pine Tree Classic,4/17/26,5.7
NCAA Div. III,North Atlantic Conference,SCIAC Outdoor Performance List (2025),Top 20,Long Jump,Women,13,"Lutz, Jenney",FR-1,Maine-Farmington,4.29m,"14' 1""",Monks Track & Field Invite 2026,4/11/26,2.2
NCAA Div. III,North Atlantic Conference,SCIAC Outdoor Performance List (2025),Top 20,Long Jump,Women,14,"Eldred, Brienne",FR-1,Thomas College,4.01m,"13' 2""",Maine States' Pine Tree Classic,4/17/26,3
NCAA Div. III,North Atlantic Conference,SCIAC Outdoor Performance List (2025),Top 20,Long Jump,Women,15,"Bridges, Maddy",FR-1,Maine-Presque Isle,3.88m,"12' 8.75""",Maine States' Pine Tree Classic,4/17/26,1.7
NCAA Div. III,North Atlantic Conference,SCIAC Outdoor Performance List (2025),Top 20,Long Jump,Women,16,"Anspach, Jade",FR-1,Maine-Presque Isle,3.52m,"11' 6.75""",University of Maine Spring Opener,4/4/26,1.1
NCAA Div. III,North Atlantic Conference,SCIAC Outdoor Performance List (2025),Top 20,Long Jump,Women,17,"Byers, Emma",FR-1,Maine-Presque Isle,3.48m,"11' 5""",Maine States' Pine Tree Classic,4/17/26,1.5
NCAA Div. III,North Atlantic Conference,SCIAC Outdoor Performance List (2024),Top 20,Long Jump,Women,1,"Burr, Emma",JR-3,Thomas College,5.86m,"19' 2.75""",Maine States' Pine Tree Classic,4/17/26,2.2
NCAA Div. III,North Atlantic Conference,SCIAC Outdoor Performance List (2024),Top 20,Long Jump,Women,2,"Anderson, Kara",SO-2,Thomas College,5.25m,"17' 2.75""",Maine States' Pine Tree Classic,4/17/26,1.4
NCAA Div. III,North Atlantic Conference,SCIAC Outdoor Performance List (2024),Top 20,Long Jump,Women,3,"Monreal, Natasha",SO-2,Husson,5.14m,"16' 10.5""",University of Maine Spring Opener,4/4/26,0
NCAA Div. III,North Atlantic Conference,SCIAC Outdoor Performance List (2024),Top 20,Long Jump,Women,4,"Perry, Niamiah",SR-4,Husson,5.12m,"16' 9.75""",Maine States' Pine Tree Classic,4/17/26,2.1
NCAA Div. III,North Atlantic Conference,SCIAC Outdoor Performance List (2024),Top 20,Long Jump,Women,5,"Yahya, Naba",FR-1,Thomas College,5.04m,"16' 6.5""",Monks Track & Field Invite 2026,4/11/26,0.5
NCAA Div. III,North Atlantic Conference,SCIAC Outdoor Performance List (2024),Top 20,Long Jump,Women,6,"Madden, Mya",FR-1,Husson,4.83m,"15' 10.25""",University of Maine Spring Opener,4/4/26,1.4
NCAA Div. III,North Atlantic Conference,SCIAC Outdoor Performance List (2024),Top 20,Long Jump,Women,7,"Pierce, Sadie",FR-1,Maine-Farmington,4.78m,"15' 8.25""",Springfield College Outdoor Classic,4/4/26,2.2
NCAA Div. III,North Atlantic Conference,SCIAC Outdoor Performance List (2024),Top 20,Long Jump,Women,8,"Williams, JaLynn",FR-1,Husson,4.76m,"15' 7.5""",Yellow Jacket Open,3/28/26,-0.4
NCAA Div. III,North Atlantic Conference,SCIAC Outdoor Performance List (2024),Top 20,Long Jump,Women,9,"Alexander, Heather",FR-1,Maine-Farmington,4.65m,"15' 3.25""",SILFEN INVITATIONAL 2026,4/10/26,1.3
NCAA Div. III,North Atlantic Conference,SCIAC Outdoor Performance List (2024),Top 20,Long Jump,Women,10,"Syphers, Emma",SO-2,Maine-Farmington,4.64m,"15' 2.75""",Alan Connie Shamrock Invitational (Roster Registration),3/19/26,-0.9
NCAA Div. III,North Atlantic Conference,SCIAC Outdoor Performance List (2024),Top 20,Long Jump,Women,11,"Andrews, Brianna",SO-2,Husson,4.49m,"14' 8.75""",Embry-Riddle Eagle Invite,3/7/26,-1.7
NCAA Div. III,North Atlantic Conference,SCIAC Outdoor Performance List (2024),Top 20,Long Jump,Women,12,"Campbell, Solece",FR-1,Thomas College,4.31m,"14' 1.75""",Maine States' Pine Tree Classic,4/17/26,5.7
NCAA Div. III,North Atlantic Conference,SCIAC Outdoor Performance List (2024),Top 20,Long Jump,Women,13,"Lutz, Jenney",FR-1,Maine-Farmington,4.29m,"14' 1""",Monks Track & Field Invite 2026,4/11/26,2.2
NCAA Div. III,North Atlantic Conference,SCIAC Outdoor Performance List (2024),Top 20,Long Jump,Women,14,"Eldred, Brienne",FR-1,Thomas College,4.01m,"13' 2""",Maine States' Pine Tree Classic,4/17/26,3
NCAA Div. III,North Atlantic Conference,SCIAC Outdoor Performance List (2024),Top 20,Long Jump,Women,15,"Bridges, Maddy",FR-1,Maine-Presque Isle,3.88m,"12' 8.75""",Maine States' Pine Tree Classic,4/17/26,1.7
NCAA Div. III,North Atlantic Conference,SCIAC Outdoor Performance List (2024),Top 20,Long Jump,Women,16,"Anspach, Jade",FR-1,Maine-Presque Isle,3.52m,"11' 6.75""",University of Maine Spring Opener,4/4/26,1.1
NCAA Div. III,North Atlantic Conference,SCIAC Outdoor Performance List (2024),Top 20,Long Jump,Women,17,"Byers, Emma",FR-1,Maine-Presque Isle,3.48m,"11' 5""",Maine States' Pine Tree Classic,4/17/26,1.5